Subdistrict Name,State Name,District Name,Year,% 1st Trimester registration to Total ANC Registrations,% AYUSH OPD to Total OPD,% Adult Female Inpatients to Total Adult Inpatient,% C-section deliveries (Public + Pvt.) to reported institutional (Public + Pvt.) deliveries,% C-sections conducted at Private facilities to Deliveries conducted at private facilities,% C-sections conducted at public facilities to Deliveries conducted at public facilities,% Children Inpatient to Total Inpatient,% Children given Vit A dose1 to Reported live birth,% Children given Vitamin A Dose 9 to Children given Vit A dose1,% Complicated Pregnancies treated with Blood Transfusion to Total Women with Obstetric Complications attended,% Complicated Pregnancies treated with IV antihypertensive/Magsulph injection to Total New cases detected with Hypertension,% Complicated Pregnancies treated with IV antihypertensive/Magsulph injection to Total Women with Obstetric Complications attended,% Deaths due to Asphyxia to Total Reported Infant Deaths,% Deaths due to Diarrhoea to Total Reported Infant Deaths,% Deaths due to Fever to Total Reported Infant Deaths,% Deaths due to LBW to Total Reported Infant Deaths,% Deaths due to Measles to Total Reported Infant Deaths,% Deaths due to Other Causes to Total Reported Infant Deaths,% Deaths due to Pneumonia to Total Reported Infant Deaths,% Deaths due to Sepsis to Total Reported Infant Deaths,% Deliveries conducted at Private Institutions to Total Institutional Deliveries,% Deliveries conducted at Public Institutions to Total Institutional Deliveries,% Dental OPD to Total OPD,% Diarrhoea and dehydration in Children 0-5 Years of Age to Total Reported Childhood Diseases 0-5 Years,% Diptheria in Children 0-5 Years of Age to Total Reported Childhood Diseases 0-5 Years,% Drop Out between BCG & Measles,% Drop Out between BCG & Measles/ MR,% Female HIV Positive to Total Females Tested,% Female Inpatient Deaths to Total Inpatient Deaths,% Female Serlisation (Tubectomies) to Total sterilisation,% Female screened for HIV to Total ANC Registration,% Hb < 7 mg to Total Hb Tests Conducted,% Home deliveries to Total Reported Deliveries,% Hysterectomy Surgeries to Total Major Operations,% IPD to OPD,% IUCD insertions in public plus private institutions to all family planning methods ( IUCD plus permanent),% IUCD insertions to all family planning methods ( IUCD plus permanent),% Immunisation Sessions where ASHAs were present to Immunisation Sessions Planned,% Infants 0 to 11 months old who received Measles vaccine to reported live births,% Infants 0 to 11 months old who received Measles+ MR vaccine to reported live births,% Inpatient Deaths to Total IPD,% Institutional Deliveries to total ANC registration,% Institutional deliveries to Total Reported Deliveries,% JSY registration to Total ANC Registration,% Laparoscopic sterlisations at Public Institutions to Total Laparoscopic Sterilisations,% Laparoscopic sterlisations to Total Female Sterilisations,% Live Births to Total Deliveries,% MTPs (Public) to Abortions,% MTPs Conducted at Private Institutions to Total MTPs,% MTPs Conducted at Public Institutions to Total MTPs,% MTPs more than 12 weeks of Pregnancy to Total MTPs at Public Institutions,% MTPs to total Abortions,% MTPs up to 12 weeks of Pregnancy to Total MTPs at Public Institutions,% Major Operations to Total Operation,% Malaria in Children 0-5 Years of Age to Total Reported Childhood Diseases 0-5 Years,% Male HIV Positive to Total Males Tested,% Male Sterlisation (Vasectomies) to Total sterilisation,% Measles in Children 0-5 Years of Age to Total Reported Childhood Diseases 0-5 Years,% Mini Lap Sterlisations to Total Female Sterilisations,% Mini Lap sterlisations at Public Institutions to Total Mini Lap Sterilisations,% Mothers paid JSY Incentive for Delivery at Public institution to Total Public Deliveries,% Mothers paid JSY incentive for home deliveries to Total Reported Home Deliveries,% New cases detected at institution for hypertension to Total ANC Registrations,% New cases of Pregnant Women detected at institution for hypertension to Total ANC Registrations,% Newborns breast fed within 1 hour of birth to Total live birth,% Newborns given BCG to Reported live birth,% Newborns given Hep-B0(Birth Dose)at birth to Reported live birth,% Newborns given OPV0 at birth to Reported live birth,% Newborns having weight less than 2.5 kg to Newborns weighed at birth,% Newborns weighed at birth to live birth,% Number of Wet Mount Tests conducted to Number of new RTI/ STI female cases for which treatment initiated,% PP IUCD Insertions (public) to Total IUCD Insertions (public),% PP IUCD Insertions (public) to Total Institutional Deliveries (public),% Pertusis in Children 0-5 Years of Age to Total Reported Childhood Diseases 0-5 Years,% Plasmodium Falciparum test positive to Total Blood Smears Examined,% Plasmodium Vivax test positive to Total Blood Smears Examined,% Polio in Children 0-5 Years of Age to Total Reported Childhood Diseases 0-5 Years,% Post - Natal Care / PNC maternal complications attended to Total Deliveries,% Post Abortion Sterlisations to Total Female Sterilisations,% Post Abortion sterlisations at Public Institutions to Total Post Partum Sterilisation,% Post Partum Sterlisations to Total Female Sterilisations,% Post Partum sterlisations at Public Institutions to Total Post Partum Sterilisation,% Pregnant Woman received 3 ANC check ups to Total ANC Registrations,% Pregnant Woman received 4 ANC check ups to Total ANC Registrations,% Pregnant women given 100 IFA to Total ANC Registration,% Pregnant women given 180 IFA to Total ANC Registration,% Pregnant women given 360 Calcium to Total ANC Registration,% Pregnant women given one Albendazole tablet after 1st trimester to Total ANC Registration,% Pregnant women having severe anaemia (Hb<7) treated at institution to women having hb level<11,% Pregnant women having severe anaemia (Hb<7) treated at institution to women having hb level<7,% Pregnant women received TT2 or Booster to Total ANC Registration,% Pregnant women received TT2+ TT Booster to Total ANC Registration,% Pregnant women tested for Syphilis to Total ANC Registration,% Pregnant women tested for blood sugar using OGTT to Total ANC Registration,% Pregnant women tested positive for GDM to Total ANC Registration,% Pregnant women treatd for Syphilis to Total sero positive for Syphilis,% SBA attended home deliveries to Total Reported Home Deliveries,% Safe deliveries to Total Reported Deliveries,% Tetanus Neonatorum in Children 0-5 Years of Age to Total Reported Childhood Diseases 0-5 Years,% Tetanus Others in Children 0-5 Years of Age to Total Reported Childhood Diseases 0-5 Years,% Total HIV Positive to Total Tested ( Male + Female),% Total MTPs (Public) Conducted to Total ANC Registration,% Total Reported Live Births to Total Deliveries,% Total Sterilisation (Tubectomies and Vasectomies) conducted at CHC to Total Sterlisation,% Total Sterilisation (Tubectomies and Vasectomies) conducted at Other public Institutions to Total Sterlisation,% Total Sterilisation (Tubectomies and Vasectomies) conducted at PHC to Total Sterlisation,% Total Sterilisation (Tubectomies and Vasectomies) conducted at Private institutions to Total Sterlisation,% Total Sterilisation (Tubectomies and Vasectomies) conducted at Public institutions to Total Sterlisation,% Total Sterilisation (Tubectomies and Vasectomies) conducted at SDH/DH to Total Sterlisation,% Tubectomies to Total sterilisation,% Women discharged in less than 48 hours of delivery to Total Reported Deliveries at private institutions,% Women discharged in less than 48 hours of delivery to Total Reported Deliveries at public institutions,% Women getting 1st Post Partum Checkup between 48 hours and 14 days to Total Reported Deliveries,% Women getting 1st post partum check-up within 48 hours of home delivery to Total Reported Home Deliveries,% Women getting Post Partum Checkup between 48 hours and 14 days to Total Deliveries,% Women receiving post partum check-up within 48 hours of delivery to Total Reported Deliveries,% cases of Pregnant women with Obstetric Complications and attended to reported deliveries,% immunisation Sessions Held to Immunisation Sessions Planned,% live birth to Reported Birth,% newborns visited within 24hrs of home delivery to total reported home deliveries,% of babies treated for congenital Syphilis to babies total diagnosed with Congenital Syphilis,% of cases where JSY Incentive paid to ASHA for Delivery at Public institution to Total Public Deliveries,Acute Flaccid Paralysis(AFP)in Children 0-5 Years of Age,Adolescent counselled (Number),Adverse Events Following Imunisation (Abcess ),Adverse Events Following Imunisation (Deaths),Adverse Events Following Imunisation (Others),Asthma in Children 0-5 Years of Age,Ayush OPD (Number),Centchroman ( weekly pills) distributed,Centchroman Pills distributed,Combined Oral Pills distributed,Condom pieces distributed,Deliveries Conducted at Private Institutions,Deliveries Conducted at Public Institutions,Dental OPD (Number),Diarrhoea in Children 0-5 Years of Age,Diarrhoea treated in Inpatients in Children 0-5 Years of Age,Diphtheria in Children 0-5 Years of Age,Emergency pills distributed,IPD (Number),IUCD Insertions done (public facilities),IUCD insertions done (pvt. facilities),Institutional Deliveries at District Hospitals,Institutional Deliveries at Urban Heatlh Facilities i.e SC+PHC+CHC+SDH,Institutional deliveries (Public Insts.+Pvt. Insts.),Malaria in Children 0-5 Years of Age,Measles immunization at urban Health facilities i.e SC+PHC+CHC+SDH+DH,Measles in Children 0-5 Years of Age,Mothers paid JSY incentive for home deliveries,No of children 16-24 months age given Measles 2nd dose,No of children 16-24 months age given Measles Rubella Vaccine 2nd dose,No. of infants given Measles Rubella vaccine 1st dose,No. of infants received Rotavirus Vaccine 1st dose,No. of infants received Rotavirus Vaccine 2nd dose,No. of infants received Rotavirus Vaccine 3nd dose,Number having Hb level<11 (tested cases),Number having severe anaemia (Hb<7) treated at institution,Number of C-section deliveries conducted at private facilities,Number of C-section deliveries conducted at public facilities,Number of Home deliveries,Number of Hysterectomy Surgeries,Number of Infants given BCG,Number of Infants given DPT1,Number of Infants given DPT2,Number of Infants given DPT3,Number of Infants given Hep- B0 (birth dose),Number of Infants given MR,Number of Infants given Measles,Number of Infants given OPV 0 (Birth Dose),Number of Infants given Pentavalent 1,Number of Infants given Pentavalent 2,Number of Infants given Pentavalent 3,Number of Major Operations,Number of Minor Operations,Number of New Borns Breast Fed within 1 hour,Number of New Borns visited within 24 hrs of Home Delivery,Number of Newborns having weight less than 2.5 kg,Number of Newborns weighed at birth,Number of PW given 360 Calcium tablets,Number of PW given one Albendazole tablet after 1st trimester,Number of PW tested for blood sugar using OGTT (Oral Glucose Tolerance Test),Number of PW tested positive for GDM,Number of Pregnant Women having Hb level<11 (tested cases),Number of Pregnant Women having severe anaemia (Hb<7) treated at institution,Number of Pregnant women given 100 IFA tablets,Number of Pregnant women given 180 IFA tablets,Number of Tubectomies Conducted,Number of Tubectomies Conducted (Public + Pvt.),Number of Vasectomies Conducted,Number of Vasectomies Conducted (Public + Pvt.),Number of Women Discharged under 48 hours of delivery in private institutions,Number of Women Discharged under 48 hours of delivery in public facilities,Number of Women registered under JSY,Number of beneficiaries given 1st dose of Injectable (Antara Program),Number of beneficiaries given 2nd dose of Injectable (Antara Program),Number of beneficiaries given 3rd dose of Injectable (Antara Program),Number of beneficiaries given 4th or more than 4 doses of Injectable (Antara Program),Number of fully immunized children (9-11 months),Number of home deliveries attended by Non SBA trained (trained TB/Dai),Number of home deliveries attended by SBA trained (Doctor/Nurse/ANM),Number of pregnant women received 3 ANC check ups,Number of pregnant women received 4 or more ANC check ups,Number of pregnant women tested for Syphilis,Number of pregnant women tested found sero positive for Syphilis,OPD (Allopathic),OPD (Number),OPD(Ayush+Allopathic),Oral Pills distributed,PP IUCD Insertions done (public facilities),Pertussis in Children 0-5 Years of Age,Pneumonia in Children 0-5 Years of Age,Post - Natal Care / Women got a post partum check up between 48 hours and 14 days,Pregnancy testing kits used,Sepsis in Children 0-5 Years of Age,Sex Ratio at birth ( Female Live Births/ Male Live Births *1000),Sex Ratio at birth ( Female Live Bitrths/ Male Births *1000),TT Booster given to Pregnant women (numbers),TT2 given to Pregnant women (numbers),TT2 or Booster given to Pregnant women (numbers),Tetanus Neonatorum in Children 0-5 Years of Age,Total Facility Based Maternal Death Reviews (FBMDR) done,Total IUCD Insertions done(public+private),Total Interval IUCD Insertions done,Total Number of Abortions ( Spontaneous) Reported,Total Number of Abortions ( Spontaneous/ Induced) Reported,Total Number of Infant Deaths reported,Total Number of MTPs ( Public) conducted,Total Number of MTPs ( Public) reported,Total Number of reported Still Births,Total Number of reported live births,Total PAIUCD insertions done,Total PP IUCD Insertions done,Total Sterilisation Conducted,Total Sterlisation (Tubectomies and Vasectomies) conducted at CHC,Total Sterlisation (Tubectomies and Vasectomies) conducted at DH,Total Sterlisation (Tubectomies and Vasectomies) conducted at Other public Institutions,Total Sterlisation (Tubectomies and Vasectomies) conducted at PHC,Total Sterlisation (Tubectomies and Vasectomies) conducted at Private institutions,Total Sterlisation (Tubectomies and Vasectomies) conducted at Public institutions,Total Sterlisation (Tubectomies and Vasectomies) conducted at SDH,Total Sterlisation (Tubectomies and Vasectomies) conducted at SDH/DH,Total cases of complication following Female Sterlisation,Total cases of complication following Male Sterlisation,Total cases of deaths following Female Sterlisation,Total cases of deaths following Male Sterlisation,Total cases of deaths following Sterlisation ( Male + Female),Total cases of failure following Female Sterlisation,Total cases of failure following Male Sterlisation,Total no. maternal deaths,Total number of pregnant women Registered for ANC,Total reported deliveries,Tuberculosis (TB) in Children 0-5 Years of Age,Unnamed: 162_level_1,Unnamed: 163_level_1,Unnamed: 164_level_1,Unnamed: 165_level_1,Unnamed: 166_level_1,Unnamed: 167_level_1,Unnamed: 168_level_1,Unnamed: 169_level_1,Unnamed: 170_level_1,Unnamed: 171_level_1,Unnamed: 172_level_1,Unnamed: 173_level_1,Unnamed: 174_level_1,Unnamed: 175_level_1,Unnamed: 176_level_1,Unnamed: 177_level_1,Unnamed: 178_level_1,Unnamed: 179_level_1,Unnamed: 180_level_1,Unnamed: 181_level_1,Unnamed: 182_level_1,Unnamed: 183_level_1,Unnamed: 184_level_1,Unnamed: 185_level_1,Unnamed: 186_level_1,Unnamed: 187_level_1,Unnamed: 188_level_1,Unnamed: 189_level_1,Unnamed: 190_level_1,Unnamed: 191_level_1,Unnamed: 192_level_1,Unnamed: 193_level_1,Unnamed: 194_level_1,Unnamed: 195_level_1,Unnamed: 196_level_1,Unnamed: 197_level_1,Unnamed: 198_level_1,Unnamed: 199_level_1,Unnamed: 200_level_1,Unnamed: 201_level_1,Unnamed: 202_level_1,Unnamed: 203_level_1,Unnamed: 204_level_1,Unnamed: 205_level_1,Unnamed: 206_level_1,Unnamed: 207_level_1,Unnamed: 208_level_1,Unnamed: 209_level_1,Unnamed: 210_level_1,Unnamed: 211_level_1,Unnamed: 212_level_1,Unnamed: 213_level_1,Unnamed: 214_level_1,Unnamed: 215_level_1,Unnamed: 216_level_1,Unnamed: 217_level_1,Unnamed: 218_level_1,Unnamed: 219_level_1,Unnamed: 220_level_1,Unnamed: 221_level_1,Unnamed: 222_level_1,Unnamed: 223_level_1,Unnamed: 224_level_1,Unnamed: 225_level_1,Unnamed: 226_level_1,Unnamed: 227_level_1,Unnamed: 228_level_1,Unnamed: 229_level_1,Unnamed: 230_level_1,Unnamed: 231_level_1,Unnamed: 232_level_1,Unnamed: 233_level_1,Unnamed: 234_level_1,Unnamed: 235_level_1,Unnamed: 236_level_1,Unnamed: 237_level_1,Unnamed: 238_level_1,Unnamed: 239_level_1,Unnamed: 240_level_1,Unnamed: 241_level_1,Unnamed: 242_level_1,Unnamed: 243_level_1,Unnamed: 244_level_1,Unnamed: 245_level_1,Unnamed: 246_level_1,Unnamed: 247_level_1,Unnamed: 248_level_1,Unnamed: 249_level_1,Unnamed: 250_level_1,Unnamed: 251_level_1,Unnamed: 252_level_1,Unnamed: 253_level_1,Unnamed: 254_level_1,Unnamed: 255_level_1,Unnamed: 256_level_1,Unnamed: 257_level_1,Unnamed: 258_level_1,Unnamed: 259_level_1,Unnamed: 260_level_1,Unnamed: 261_level_1,Unnamed: 262_level_1,Unnamed: 263_level_1,Unnamed: 264_level_1,Unnamed: 265_level_1,Unnamed: 266_level_1,Unnamed: 267_level_1,Unnamed: 268_level_1,Unnamed: 269_level_1,Unnamed: 270_level_1,Unnamed: 271_level_1,Unnamed: 272_level_1,Unnamed: 273_level_1,Unnamed: 274_level_1,Unnamed: 275_level_1,Unnamed: 276_level_1,Unnamed: 277_level_1,Unnamed: 278_level_1,Unnamed: 279_level_1,Unnamed: 280_level_1,Unnamed: 281_level_1,Unnamed: 282_level_1,Unnamed: 283_level_1,Unnamed: 284_level_1,Unnamed: 285_level_1,Unnamed: 286_level_1,Unnamed: 287_level_1,Unnamed: 288_level_1,Unnamed: 289_level_1,Unnamed: 290_level_1,Unnamed: 291_level_1,Unnamed: 292_level_1,Unnamed: 293_level_1,Unnamed: 294_level_1,Unnamed: 295_level_1,Unnamed: 296_level_1,Unnamed: 297_level_1,Unnamed: 298_level_1,Unnamed: 299_level_1,Unnamed: 300_level_1,Unnamed: 301_level_1,Unnamed: 302_level_1,Unnamed: 303_level_1,Unnamed: 304_level_1,Unnamed: 305_level_1,Unnamed: 306_level_1,Unnamed: 307_level_1,Unnamed: 308_level_1,Unnamed: 309_level_1,Unnamed: 310_level_1,Unnamed: 311_level_1,Unnamed: 312_level_1,Unnamed: 313_level_1,Unnamed: 314_level_1,Unnamed: 315_level_1,Unnamed: 316_level_1,Unnamed: 317_level_1,Unnamed: 318_level_1,Unnamed: 319_level_1,Unnamed: 320_level_1,Unnamed: 321_level_1,Unnamed: 322_level_1,Unnamed: 323_level_1,Unnamed: 324_level_1,Unnamed: 325_level_1,Vitamin - A dose 1,Women received 1st post partum check up between 48 hours and 14 days,Women received 1st post partum check-up within 48 hours of home delivery,Women received post partum check-up within 48 hours of delivery
Daman,Daman & Diu,Daman,2012,1560,0.0,99.4,348,25.5,96.0,0.6,-11.0,2025.0,0.9,12.4,915.0,18,30.0,0.0,10.0,0.0,0.0,0.0,0.5,0.1,25.7,8.6,0.0,99.7,114.2,,2.3,56.9,,,4.7,99.3,68.5,8838.0,0.0,,0.0,,,15.4,54.3,48.2,1.0,44.1,0.0,,154.0,0.0,100.0,44.2,,68.0,1146.0,0.0,818.0,127.0,0.0,15.0,40.9,25.1,53.8,12.0,,15.6,1811,,2143,77.9,99.8,51.1,110,,83.8,1.2,0.6,0.0,10.5,,,15.0,84.2,1808.0,,48.0,,,,1504.0,,1730.0,,,,,,7.0,1752.0,0.0,0.0,2.3,48.9,12.1,0.0,23.6,,61.4,,0.0,127.0,,1356.0,,,212.0,1155.0,61.5,52.5,100.5,58.0,,78.0,,14334.0,,,115.1,,,,4304.0,,46.4,,0,25969.0,,,,,29.4,82.7,0,,,736.0,,,,6.0,,,,,,,1847.0,51.2,0.7,99.7,0.8,528.0,0.0,121.8,102.9,1767,,,,134178.0,1682,1694.0,,301925.0,2.9,214,1021.0,1371.0,3,,,,,,,50.1,,,0.0,,1.9,,0.0,3607.0,,,,,2010.0,13.0,0.5,43.2,,,,,1.8,,0.0,20.0,,,22.0,,,,8.0,,,0.0,,,90.0,,,10.2,2.5,,0.0,1760,65.9,,,0.0,100.0,,30.0,0.0,78.0,,,0.0,,,,,87.5,,,,1.0,1739,,0.0,60.0,,,,,,,,,,,,,,,,,,,,,,,,,,,,,,,,,,,,,,,,,,,,,,,,,,,,,,,,,,,,,,,,,,,,,,,,,,,,,,,,,,,,,,,,,,,,,,,,,,,,,,,,,,,,,,,,,,,,,,,,,,,,,,,,,,,,,,,,,,,,,,,,,,,,,,,,,,,,,,,,,,,2006.0,,,0.0
Daman,Daman & Diu,Daman,2013,3607,0.0,100.0,3,1.0,13.0,100.0,0.9,9.8,99.7,99.9,99.3,30,,,59.0,0.0,0.0,78.0,22.0,33.3,7.0,127.0,19.8,0.1,12.4,,0.0,0.0,,,127.0,0.8,0.0,79.3,62.9,,10.2,915.0,,0.0,1504.0,12.0,2365.0,2244.0,65.9,,348.0,25.5,24.6,96.0,,221.0,1.9,44.2,0.0,78.0,68.0,6.7,1760.0,2.0,2431.0,2287.0,,42.4,1021,,1106,2233.0,39.5,25.7,1412,1371.0,0.0,23.0,100.0,35.0,0.1,,,12.1,100.4,1.0,,3.2,,,,1808.0,,44.9,,,,,,43.4,0.3,177.0,154.0,100.0,23.4,1406.0,1155.0,212.0,1259.0,56.3,,149.0,4.9,,51.2,,,0.0,0.0,99.9,62.7,555.0,2236.0,,6.0,,157.0,,,10.5,,0.0,,214.0,,228.0,,1847,157.0,,,,,20.7,10.0,3,,,2255.0,,,,48.0,,,,,,,0.0,2594.0,0.5,0.8,1730.0,0.0,15.6,49.3,58.0,1,,,955.0,16.1,8,33.3,61.5,51.1,0.7,1739,48.2,54.3,736,,,,,,,43.2,,,25.1,,26.7,,46.2,5267.0,,,,,3.0,50.1,49.3,1560.0,,,,,48.9,,77.9,99.8,,,0.0,,,,1752.0,,,168.0,,,99.6,,,0.7,0.0,,329.0,1356,0.0,,,63.0,0.0,,37.0,0.1,22.0,,,0.0,,,,,100.5,,,,1.0,6,,14.6,0.0,14.0,23.6,37.6,61.4,0.0,0.0,33.8,15.0,25.5,15.0,43.3,44.1,31.2,40.9,80.0,84.2,75.0,87.5,42.9,82.7,0.0,0.0,107.0,90.0,65.0,20.0,172.0,110.0,1.0,,0.9,0.0,0.1,0.0,52.3,46.4,3425.0,4304.0,117928.0,134178.0,0.0,0.0,1627.0,2143.0,1855.0,1811.0,72.5,121.8,82.7,102.9,1886.0,1767.0,1874.0,1682.0,1779.0,1694.0,0.0,,0.0,,0.0,,2195.0,2010.0,97.8,114.2,2184.0,2006.0,-18.3,-11.0,2191.0,2025.0,97.6,115.1,39.7,52.5,3.0,0.0,100.0,99.7,83.3,83.8,0.0,0.0,0.0,0.0,0.0,0.0,0.0,0.0,0.0,0.0,0.1,0.0,99.7,99.4,0.3,0.6,58.0,56.9,17.5,15.4,35.6,29.4,2.4,1.8,9124.0,8838.0,331847.0,301925.0,2.7,2.9,970.0,1146.0,612.0,528.0,61.3,68.5,17.0,,1.8,0.0,29968.0,25969.0,9.0,8.6,15343.0,14334.0,4.6,4.7,3071.0,818.0,2.7,2.3,1.5,2.3,0.5,0.6,0.9,1.2,1.1,2.5,0.1,0.5,47.0,18.0,2.7,10.0,10.8,0.0,56.8,30.0,2.7,0.0,0.0,0.0,0.0,0.0,0.0,0.0,27.0,60.0,6.0,,,53.8
Daman,Daman & Diu,Daman,2014,5267,0.0,100.0,1,0.0,3.0,100.0,6.0,13.2,99.9,100.0,99.9,22,,,54.0,0.0,0.0,59.0,5.0,0.0,1.0,157.0,24.2,0.0,3.0,,0.0,0.0,,,157.0,0.3,0.0,43.8,63.5,,62.7,955.0,,0.0,2255.0,6.0,2501.0,2193.0,56.3,,329.0,24.6,24.0,221.0,,185.0,0.7,19.8,0.0,63.0,35.0,6.5,2244.0,1.0,3016.0,2503.0,,37.8,1106,,1044,2200.0,7.8,23.4,1392,1412.0,0.1,9.0,100.0,36.0,0.0,,,6.7,99.6,168.0,,1.7,,,,2594.0,,43.0,,,,,,43.0,0.7,149.0,177.0,100.0,24.4,1402.0,1259.0,149.0,1222.0,55.5,,144.0,5.1,,46.2,,,0.0,0.0,100.0,78.9,110.0,2201.0,,2.0,,124.0,,,9.8,,0.0,,228.0,,272.0,,2431,124.0,,,,,56.3,22.0,10,,,2402.0,,,,43.4,,,,,,,3.2,3706.0,0.8,0.7,2287.0,0.0,16.1,47.6,49.3,0,,,909.0,19.5,1,0.0,33.3,79.3,0.6,2233,42.4,39.5,555,,,,,,,44.9,,,26.7,,23.2,,51.9,5815.0,,,,,1.7,49.3,63.7,2365.0,,,,,20.7,,62.9,99.6,,,0.0,,,,2236.0,,,101.0,,,99.0,,,0.1,23.0,,342.0,1406,0.0,,,63.7,0.0,,36.3,4.9,37.0,,,0.0,,,,,100.4,,,,1.0,18,,7.3,14.6,4.0,14.0,43.5,37.6,0.0,0.0,45.2,33.8,27.4,25.5,54.0,43.3,18.5,31.2,85.3,80.0,56.7,75.0,4.3,42.9,0.0,0.0,81.0,107.0,40.0,65.0,121.0,172.0,1.0,1.0,1.2,0.9,0.1,0.1,49.4,52.3,2997.0,3425.0,74903.0,117928.0,0.0,0.0,1846.0,1627.0,2000.0,1855.0,84.2,72.5,91.2,82.7,1981.0,1886.0,2002.0,1874.0,2005.0,1779.0,0.0,0.0,0.0,0.0,0.0,0.0,2490.0,2195.0,113.5,97.8,2477.0,2184.0,-24.5,-18.3,2420.0,2191.0,110.4,97.6,38.6,39.7,0.0,3.0,100.0,100.0,87.1,83.3,0.0,0.0,0.2,0.0,0.0,0.0,0.0,0.0,0.0,0.0,0.8,0.1,99.0,99.7,0.1,0.3,59.9,58.0,17.8,17.5,33.3,35.6,2.0,2.4,9988.0,9124.0,338704.0,331847.0,2.9,2.7,815.0,970.0,416.0,612.0,66.2,61.3,35.0,17.0,4.3,1.8,24195.0,29968.0,7.1,9.0,12916.0,15343.0,3.8,4.6,3491.0,3071.0,2.3,2.7,1.3,1.5,0.6,0.5,0.9,0.9,0.5,1.1,0.1,0.1,31.0,47.0,31.6,2.7,15.8,10.8,26.3,56.8,5.3,2.7,0.0,0.0,0.0,0.0,0.0,0.0,21.1,27.0,13.2,,,33.3
Daman,Daman & Diu,Daman,2015,5815,0.0,100.0,2,1.0,1.0,100.0,13.2,0.0,100.0,100.0,100.0,5,,,82.0,0.0,0.0,54.0,0.0,50.0,0.0,124.0,21.1,0.0,1.7,,0.0,0.0,,,124.0,0.7,0.0,62.3,68.3,,78.9,909.0,,0.0,2402.0,18.0,2442.0,2260.0,55.5,,342.0,24.0,26.8,185.0,,195.0,0.6,24.2,3.3,63.7,36.0,13.2,2193.0,1.0,3092.0,2586.0,,41.8,1044,,1114,2274.0,0.0,24.4,1543,1392.0,0.0,2.0,100.0,26.0,0.1,,,6.5,99.3,101.0,,2.5,,,,3706.0,,44.9,,,,,,47.5,0.8,123.0,149.0,96.7,26.6,1558.0,1222.0,144.0,1252.0,55.0,,301.0,3.6,,51.9,,,0.0,0.0,99.9,91.7,0.0,2276.0,,1.0,,153.0,,,13.2,,5.0,,272.0,,413.0,,3016,148.0,,,,,37.7,26.0,22,,,1847.0,,,,43.0,,,,,,,1.7,2937.0,0.7,0.8,2503.0,0.0,19.5,49.3,47.6,2,,,885.0,26.8,0,100.0,0.0,43.8,0.5,2200,37.8,7.8,110,,,,,,,43.0,,,23.2,,27.2,,56.8,5443.0,,,,,0.5,63.7,54.0,2501.0,,,,,56.3,,63.5,99.0,,,0.0,,,,2201.0,,,134.0,,,98.9,,,0.0,9.0,,415.0,1402,0.0,,,68.5,7.7,,31.5,5.1,36.3,,,0.0,,,,,99.6,,,,1.0,15,,1.3,7.3,0.0,4.0,53.6,43.5,0.0,0.0,45.1,45.2,41.9,27.4,23.0,54.0,35.1,18.5,95.2,85.3,29.4,56.7,19.2,4.3,0.0,0.0,50.0,81.0,38.0,40.0,88.0,121.0,4.0,1.0,8.0,1.2,0.3,0.1,36.5,49.4,4246.0,2997.0,127624.0,74903.0,0.0,0.0,2012.0,1846.0,2022.0,2000.0,89.0,84.2,89.5,91.2,863.0,1981.0,1127.0,2002.0,1358.0,2005.0,1221.0,0.0,830.0,0.0,562.0,0.0,2404.0,2490.0,106.4,113.5,2371.0,2477.0,-18.9,-24.5,2397.0,2420.0,106.1,110.4,37.8,38.6,2.0,0.0,100.0,100.0,91.2,87.1,0.0,0.0,0.0,0.2,0.0,0.0,0.0,0.0,0.0,0.0,0.3,0.8,99.6,99.0,0.1,0.1,58.1,59.9,20.1,17.8,31.6,33.3,2.1,2.0,11206.0,9988.0,366557.0,338704.0,3.1,2.9,916.0,815.0,515.0,416.0,64.0,66.2,3.0,35.0,0.3,4.3,37792.0,24195.0,10.3,7.1,14794.0,12916.0,4.0,3.8,3323.0,3491.0,7.2,2.3,1.3,1.3,0.5,0.6,0.7,0.9,0.7,0.5,0.2,0.1,42.0,31.0,28.1,31.6,31.3,15.8,15.6,26.3,0.0,5.3,0.0,0.0,0.0,0.0,0.0,0.0,25.0,21.1,0.0,,,0.0
Daman,Daman & Diu,Daman,2016,5443,5.0,100.0,5,3.0,2.0,100.0,0.0,0.0,100.0,99.9,99.9,0,,,127.0,1.0,0.0,82.0,0.0,60.0,1.0,148.0,30.1,0.0,0.5,,3.3,0.0,,,153.0,0.8,0.0,53.4,74.9,,91.7,885.0,,0.0,1847.0,15.0,2167.0,2397.0,55.0,,415.0,26.8,26.4,195.0,,169.0,0.5,21.1,1.1,68.5,26.0,34.2,2260.0,2.0,3658.0,2115.0,,63.0,1114,,1298,2404.0,0.0,26.6,1796,1543.0,0.0,0.0,96.7,41.0,0.2,,,13.2,99.5,134.0,,4.0,,,,2937.0,,56.8,,,,,,55.4,0.4,136.0,123.0,98.9,25.7,1806.0,1252.0,301.0,977.0,40.6,,825.0,1.9,,56.8,,,0.0,0.0,99.8,80.0,0.0,2409.0,,1.0,,187.0,,,0.0,,2.0,,413.0,,578.0,,3092,185.0,,,,,46.6,27.0,26,,,1554.0,,,,47.5,,,,,,,2.5,3305.0,0.8,2.1,2586.0,0.0,26.8,54.2,49.3,1,,,949.0,32.2,2,20.0,100.0,62.3,1.1,2274,41.8,0.0,0,,,,,,,44.9,,,27.2,,28.3,,95.8,3818.0,,,,,1.7,54.0,86.6,2442.0,,,,,37.7,,68.3,98.9,,,0.0,,,,2276.0,,,152.0,,,98.9,,,0.1,2.0,,465.0,1558,0.0,,,75.1,4.3,,24.9,3.6,31.5,,,7.7,,,,,99.3,,,,1.0,6,,0.0,1.3,0.0,0.0,67.9,53.6,0.0,0.0,32.1,45.1,63.2,41.9,17.3,23.0,19.5,35.1,92.3,95.2,40.6,29.4,13.9,19.2,0.0,0.0,72.0,50.0,47.0,38.0,119.0,88.0,4.0,4.0,5.6,8.0,0.2,0.3,38.9,36.5,5871.0,4246.0,178963.0,127624.0,0.0,0.0,2270.0,2012.0,2274.0,2022.0,94.7,89.0,94.9,89.5,13.0,863.0,12.0,1127.0,26.0,1358.0,2164.0,1221.0,2119.0,830.0,2042.0,562.0,2378.0,2404.0,99.2,106.4,2374.0,2371.0,-4.6,-18.9,2145.0,2397.0,89.5,106.1,57.4,37.8,0.0,2.0,100.0,100.0,93.9,91.2,0.0,0.0,0.0,0.0,0.0,0.0,0.0,0.0,0.0,0.0,0.1,0.3,99.8,99.6,0.1,0.1,61.6,58.1,23.8,20.1,34.5,31.6,1.6,2.1,12584.0,11206.0,425385.0,366557.0,3.0,3.1,1396.0,916.0,574.0,515.0,70.9,64.0,31.0,3.0,2.2,0.3,43172.0,37792.0,10.1,10.3,13552.0,14794.0,3.2,4.0,2509.0,3323.0,3.4,7.2,0.5,1.3,0.2,0.5,0.4,0.7,0.5,0.7,0.1,0.2,23.0,42.0,5.6,28.1,11.1,31.3,44.4,15.6,0.0,0.0,5.6,0.0,0.0,0.0,0.0,0.0,33.3,25.0,0.0,,,50.0
Daman,Daman & Diu,Daman,2017,5233,50.0,1066.0,463,25.5,148.0,905.0,2429.0,49.2,908.0,,,20,15.0,0.0,,0.0,,0.0,0.1,29.0,24.6,8.2,,,,98.2,0.2,61.8,202.0,1.5,13367.0,100.0,68.8,37235.0,,11.5,0.0,,1155.0,19.8,0.0,45.7,,25.2,22.8,46.3,,9.5,90.5,60.8,94.0,63.0,1391.0,,3.0,202.0,,77.2,24.3,,,,38.0,17.5,1788,96.3,2275,76.2,99.4,,52,47.0,,0.3,0.5,,,30.2,70.5,20.3,90.2,,3257.0,,77.9,44.6,88.2,,2126.0,,819.0,1232.0,28.5,26.0,91.0,0.0,2395.0,,,56.2,43.2,,,,,46.0,156.0,,,510.0,1884.0,1109.0,2.0,,,58.7,0.0,99.2,,23.5,,0.0,,88.2,69.8,6.0,97.5,13543.0,331.0,,6.0,5331.0,1235.0,1,3.6,244.0,39.0,39.0,13.0,53.6,0.0,14,0.0,0.0,0.0,0.0,510.0,0.0,,0.0,0.0,2560.0,427.0,1180.0,0.0,,,0.0,100.0,18.8,630.0,4458.0,95.7,75.2,26,2289.0,2053.0,2112.0,0.0,19,7.0,2160.0,452286.0,3.0,317,,1812.0,15,2.3,4614.0,1494.0,1359.0,4722.0,90.2,,76.5,1.2,,56.8,,65.6,0.0,,138496.0,81.0,0.0,0.0,1180.0,1.0,1.4,,4150.0,6.0,0.1,7.5,,415051.0,,,43.0,94.4,,0.0,39.0,1395.0,,4002.0,79.3,,0.0,,,0.3,0.0,,0.8,0.0,,2377,200.0,80.0,32.9,0.0,100.0,,,0.0,,,,,0.0,0.0,0.0,100.0,52.9,0.0,0.0,0.0,1.0,2394,0.0,,,,,,,,,,,,,,,,,,,,,,,,,,,,,,,,,,,,,,,,,,,,,,,,,,,,,,,,,,,,,,,,,,,,,,,,,,,,,,,,,,,,,,,,,,,,,,,,,,,,,,,,,,,,,,,,,,,,,,,,,,,,,,,,,,,,,,,,,,,,,,,,,,,,,,,,,,,,,,,,,,,,,,21.3,78.7,
Diu,Daman & Diu,Diu,2012,395,0.0,100.0,0,14.6,30.0,0.0,5.5,569.0,,0.0,781.0,2,100.0,0.0,0.0,0.0,0.0,0.0,0.0,0.0,0.0,6.1,0.0,100.0,152.1,,1.2,65.9,,,4.3,54.7,20.8,1011.0,0.0,,0.0,,,26.6,64.4,33.9,0.0,88.2,0.0,,21.0,,,0.0,,0.0,97.0,0.0,0.0,76.0,0.0,13.2,11.8,26.1,20.0,0.0,,14.6,602,,599,67.9,98.9,,24,,78.8,1.0,0.3,0.0,0.0,,,0.0,,524.0,,84.8,,,,292.0,,512.0,,,,,,34.0,375.0,0.0,0.0,3.3,,14.4,0.0,86.8,,0.0,,0.0,76.0,,90.0,,,54.0,205.0,72.4,49.0,99.7,58.6,,43.9,,4987.0,,,152.1,,,,1023.0,,24.0,,0,7163.0,,,,,57.1,0.0,0,,,58.0,,,,136.0,,,,,,,626.0,103.6,45.3,63.7,0.0,370.0,0.0,160.2,161.0,615,,,,18821.0,617,592.0,,116751.0,0.9,37,219.0,254.0,4,,,,,,,86.8,,,0.0,,0.0,,0.0,604.0,,,,,569.0,170.0,0.2,65.4,,,,,0.7,,0.0,1.0,,,56.1,,,,123.0,,,0.0,,,23.0,,,,0.0,,0.0,374,54.7,,,0.0,100.0,,66.0,0.0,0.0,,,0.0,,,,,98.5,,,,1.0,205,,0.0,0.0,,,,,,,,,,,,,,,,,,,,,,,,,,,,,,,,,,,,,,,,,,,,,,,,,,,,,,,,,,,,,,,,,,,,,,,,,,,,,,,,,,,,,,,,,,,,,,,,,,,,,,,,,,,,,,,,,,,,,,,,,,,,,,,,,,,,,,,,,,,,,,,,,,,,,,,,,,,,,,,,,,,561.0,,,0.0
Diu,Daman & Diu,Diu,2013,604,0.0,,53,0.0,170.0,,,0.0,63.7,92.0,54.7,66,,,0.0,0.0,0.0,0.0,70.0,0.0,34.0,76.0,0.0,0.0,0.0,,0.0,,,,76.0,0.0,0.0,,31.7,,,781.0,,,292.0,0.0,525.0,660.0,54.7,,0.0,14.6,21.6,30.0,,132.0,0.0,0.0,0.0,43.9,0.0,0.3,374.0,53.0,472.0,628.0,,82.9,219,,208,610.0,63.1,0.0,209,254.0,0.0,0.0,100.0,0.0,8.0,,,14.4,99.5,0.0,,0.3,,,,524.0,,71.3,,,,,,85.3,0.0,37.0,21.0,100.0,0.0,160.0,205.0,54.0,210.0,31.7,,2.0,0.0,,103.6,,,1.9,0.0,92.0,100.0,101.0,663.0,,136.0,,114.0,,,0.0,,0.0,,37.0,,19.0,,626,114.0,,,,,,9.0,4,,,318.0,,,,84.8,,,,,,,0.0,609.0,0.2,1.2,512.0,0.0,14.6,31.5,58.6,47,,,958.0,9.1,123,88.7,72.4,,0.0,205,33.9,64.4,58,,,,,,,65.4,,,26.1,,29.3,,64.1,736.0,,,,,0.2,86.8,82.7,395.0,,,,,,,67.9,98.9,,,1.0,,,,375.0,,,2.0,,,98.7,,,45.3,0.0,,0.0,90,0.0,,,26.2,0.0,,73.8,0.0,56.1,,,0.0,,,,,99.7,,,,1.0,0,,0.0,0.0,61.4,86.8,0.0,0.0,0.0,0.0,38.6,13.2,0.0,0.0,65.8,88.2,34.2,11.8,,,93.3,98.5,0.0,0.0,0.0,0.0,21.0,23.0,2.0,1.0,23.0,24.0,1.0,,4.8,0.0,0.6,0.0,16.8,24.0,987.0,1023.0,16218.0,18821.0,0.0,0.0,667.0,599.0,652.0,602.0,101.1,160.2,98.8,161.0,595.0,615.0,562.0,617.0,528.0,592.0,0.0,,0.0,,0.0,,537.0,569.0,81.4,152.1,537.0,561.0,17.6,5.5,537.0,569.0,81.4,152.1,24.0,49.0,0.0,0.0,100.0,100.0,88.1,78.8,0.0,0.0,0.0,0.0,0.0,0.0,0.0,0.0,0.0,0.0,0.0,0.0,100.0,100.0,0.0,0.0,66.7,65.9,26.5,26.6,55.6,57.1,1.3,0.7,1435.0,1011.0,152282.0,116751.0,0.9,0.9,86.0,97.0,375.0,370.0,18.7,20.8,0.0,,0.0,0.0,11663.0,7163.0,7.7,6.1,8579.0,4987.0,5.6,4.3,0.0,0.0,1.3,1.2,2.9,3.3,0.5,0.3,1.1,1.0,0.1,0.0,0.0,0.0,4.0,2.0,0.0,0.0,0.0,0.0,66.7,100.0,0.0,0.0,0.0,0.0,0.0,0.0,0.0,0.0,33.3,0.0,0.0,,,20.0
Diu,Daman & Diu,Diu,2014,736,0.0,,45,0.0,53.0,,0.0,0.0,92.0,92.9,92.0,70,,,0.0,0.0,0.0,0.0,38.0,0.0,0.0,114.0,0.0,0.0,0.2,,0.0,,,,114.0,0.0,0.0,,26.3,,100.0,958.0,,,318.0,0.0,460.0,631.0,31.7,,0.0,21.6,24.4,132.0,,133.0,0.0,0.0,0.0,26.2,0.0,0.0,660.0,45.0,672.0,555.0,,82.7,208,,155,590.0,26.8,0.0,166,209.0,0.0,0.0,100.0,0.0,7.1,,,0.3,99.4,2.0,,0.4,,,,609.0,,64.5,,,,,,77.8,0.0,17.0,37.0,100.0,8.9,123.0,210.0,2.0,168.0,26.5,,0.0,0.0,,64.1,,,0.0,1.0,92.9,30.0,33.0,635.0,,53.0,,74.0,,,0.0,,0.0,,19.0,,5.0,,472,74.0,,,,,,7.0,9,,,308.0,,,,85.3,,,,,,,0.3,542.0,1.2,1.0,628.0,0.0,9.1,24.6,31.5,44,,,803.0,3.0,47,97.8,88.7,,0.0,610,82.9,63.1,101,,,,,,,71.3,,,29.3,,28.5,,94.2,713.0,,,,,1.7,82.7,76.0,525.0,,,,,,,31.7,98.7,,,0.0,,,,663.0,,,3.0,,,98.9,,,8.0,0.0,,11.0,160,1.9,,,20.8,0.0,,79.2,0.0,73.8,,,0.0,,,,,99.5,,,,1.0,0,,0.0,0.0,51.4,61.4,0.0,0.0,0.0,0.0,48.6,38.6,6.8,0.0,58.1,65.8,35.1,34.2,0.0,,88.4,93.3,0.0,0.0,0.0,0.0,8.0,21.0,3.0,2.0,11.0,23.0,0.0,1.0,0.0,4.8,0.0,0.6,12.9,16.8,808.0,987.0,13676.0,16218.0,0.0,0.0,596.0,667.0,603.0,652.0,94.5,101.1,95.6,98.8,598.0,595.0,601.0,562.0,582.0,528.0,0.0,0.0,0.0,0.0,0.0,0.0,562.0,537.0,89.1,81.4,562.0,537.0,6.8,17.6,562.0,537.0,89.1,81.4,28.1,24.0,0.0,0.0,100.0,100.0,90.9,88.1,0.0,0.0,0.0,0.0,0.0,0.0,0.0,0.0,0.0,0.0,0.0,0.0,100.0,100.0,0.0,0.0,62.1,66.7,22.2,26.5,37.0,55.6,2.3,1.3,1162.0,1435.0,149174.0,152282.0,0.8,0.9,62.0,86.0,366.0,375.0,14.5,18.7,0.0,0.0,0.0,0.0,12533.0,11663.0,8.4,7.7,10030.0,8579.0,6.7,5.6,0.0,0.0,2.5,1.3,0.9,2.9,0.3,0.5,0.4,1.1,0.1,0.1,0.0,0.0,2.0,4.0,0.0,0.0,0.0,0.0,50.0,66.7,0.0,0.0,0.0,0.0,50.0,0.0,0.0,0.0,0.0,33.3,0.0,,,0.0
Diu,Daman & Diu,Diu,2015,713,0.0,100.0,20,0.0,45.0,,0.0,0.0,92.9,96.8,92.9,38,,,2.0,0.0,0.0,0.0,29.0,0.0,0.0,74.0,4.2,0.0,1.7,,0.0,0.0,,,74.0,0.0,0.0,50.0,42.3,,30.0,803.0,,,308.0,0.0,515.0,622.0,26.5,,11.0,24.4,30.9,133.0,,142.0,0.0,0.0,3.2,20.8,0.0,0.0,631.0,20.0,722.0,575.0,,89.5,155,,230,599.0,27.6,8.9,263,166.0,0.0,0.0,100.0,1.0,3.2,,,0.0,100.5,3.0,,5.5,,,,542.0,,77.0,,,,,,85.9,0.0,24.0,17.0,96.8,17.7,243.0,168.0,0.0,262.0,42.3,,0.0,0.0,,94.2,,,0.0,0.0,96.8,76.5,67.0,619.0,,45.0,,62.0,,,0.0,,2.0,,5.0,,12.0,,672,60.0,,,,,50.0,5.0,7,,,245.0,,,,77.8,,,,,,,0.4,584.0,1.0,2.7,555.0,0.0,3.0,37.0,24.6,20,,,851.0,4.6,44,100.0,97.8,,0.1,590,82.7,26.8,33,,,,,,,64.5,,,28.5,,39.9,,107.9,669.0,,,,,2.8,76.0,87.3,460.0,,,,,,,26.3,98.9,,,0.0,,,,635.0,,,37.0,,,99.2,,,7.1,0.0,,43.0,123,0.0,,,40.6,0.0,,59.4,0.0,79.2,,,0.0,,,,,99.4,,,,1.0,0,,0.0,0.0,46.8,51.4,3.2,0.0,0.0,0.0,50.0,48.6,5.0,6.8,58.3,58.1,36.7,35.1,0.0,0.0,82.9,88.4,0.0,0.0,0.0,0.0,9.0,8.0,1.0,3.0,10.0,11.0,0.0,0.0,0.0,0.0,0.0,0.0,13.9,12.9,920.0,808.0,16864.0,13676.0,0.0,0.0,632.0,596.0,574.0,603.0,101.6,94.5,92.3,95.6,267.0,598.0,326.0,601.0,403.0,582.0,356.0,0.0,258.0,0.0,180.0,0.0,622.0,562.0,100.0,89.1,622.0,562.0,-8.4,6.8,622.0,562.0,100.0,89.1,32.3,28.1,43.0,0.0,100.0,100.0,100.0,90.9,0.0,0.0,0.0,0.0,0.0,0.0,0.0,0.0,0.0,0.0,0.0,0.0,100.0,100.0,0.0,0.0,63.7,62.1,24.8,22.2,35.0,37.0,1.3,2.3,1544.0,1162.0,163108.0,149174.0,0.9,0.8,152.0,62.0,425.0,366.0,26.3,14.5,3.0,0.0,2.0,0.0,12785.0,12533.0,7.8,8.4,10721.0,10030.0,6.6,6.7,0.0,0.0,1.1,2.5,1.3,0.9,0.0,0.3,0.4,0.4,0.1,0.1,0.0,0.0,,2.0,,0.0,,0.0,,50.0,,0.0,,0.0,,50.0,,0.0,,0.0,0.0,,,0.0
Diu,Daman & Diu,Diu,2016,669,2.0,,14,0.0,20.0,100.0,0.0,0.0,96.8,96.4,96.8,29,,,5.0,,0.0,2.0,20.0,0.0,0.0,60.0,0.0,0.0,2.8,,3.2,,,,62.0,0.0,0.0,,100.0,,76.5,851.0,,0.0,245.0,0.0,484.0,394.0,42.3,,43.0,30.9,31.4,142.0,,,0.1,4.2,0.0,40.6,1.0,0.3,622.0,14.0,490.0,547.0,,65.6,230,,272,379.0,25.1,17.7,394,263.0,0.0,0.0,96.8,0.0,3.6,,,0.0,100.3,37.0,,4.2,,,,584.0,,83.7,,,,,,94.6,0.0,12.0,24.0,100.0,31.4,379.0,262.0,0.0,392.0,99.7,,1.0,0.0,,107.9,,,0.0,0.0,96.4,100.0,95.0,393.0,,20.0,,25.0,,,0.0,,0.0,,12.0,,21.0,,722,25.0,,,,,,0.0,5,,,246.0,,,,85.9,,,,,,,5.5,525.0,2.7,1.4,575.0,0.0,4.6,69.0,37.0,13,,,1239.0,5.3,20,92.9,100.0,50.0,0.0,599,89.5,27.6,67,,,,,,,77.0,,,39.9,,,,84.8,578.0,,,,,11.6,87.3,90.8,515.0,,,,,50.0,,42.3,99.2,,,0.0,,,,619.0,,,24.0,,,100.0,,,3.2,0.0,,119.0,243,0.0,,,100.0,0.0,,0.0,0.0,59.4,,,0.0,,,,,100.5,,,,1.0,0,,0.0,0.0,80.0,46.8,20.0,3.2,0.0,0.0,0.0,50.0,0.0,5.0,100.0,58.3,0.0,36.7,,0.0,100.0,82.9,,0.0,0.0,0.0,11.0,9.0,,1.0,11.0,10.0,0.0,0.0,0.0,0.0,0.0,0.0,30.6,13.9,1009.0,920.0,18346.0,16864.0,0.0,0.0,551.0,632.0,544.0,574.0,139.8,101.6,138.1,92.3,0.0,267.0,0.0,326.0,0.0,403.0,571.0,356.0,548.0,258.0,540.0,180.0,565.0,622.0,143.4,100.0,565.0,622.0,-3.9,-8.4,563.0,622.0,142.9,100.0,34.1,32.3,64.0,43.0,100.0,100.0,98.3,100.0,0.0,0.0,0.0,0.0,0.0,0.0,0.0,0.0,0.0,0.0,0.0,0.0,100.0,100.0,0.0,0.0,67.4,63.7,26.3,24.8,36.4,35.0,1.0,1.3,2167.0,1544.0,187248.0,163108.0,1.2,0.9,190.0,152.0,545.0,425.0,25.9,26.3,3.0,3.0,1.6,2.0,11450.0,12785.0,6.1,7.8,12616.0,10721.0,6.7,6.6,0.0,0.0,1.5,1.1,0.3,1.3,0.1,0.0,0.2,0.4,0.1,0.1,0.0,0.0,7.0,,0.0,,28.6,,14.3,,0.0,,0.0,,14.3,,0.0,,42.9,,0.0,,,0.0
Diu,Daman & Diu,Diu,2017,560,48.0,251.0,103,28.5,,286.0,531.0,51.0,725.0,,,1,0.0,0.0,,0.0,,0.0,0.0,,28.5,6.1,,,,147.3,0.4,70.2,11.0,1.9,12426.0,99.5,27.9,11083.0,,12.5,0.0,,274.0,24.2,,64.6,,0.0,0.0,31.3,,22.2,77.8,39.1,14.0,9.0,166.0,,6.9,10.0,,100.0,0.0,,,,0.0,9.0,607,166.8,559,100.3,99.7,,8,,,0.4,0.4,,,100.0,100.0,0.0,,,544.0,,97.1,139.0,37.7,,178.0,,0.0,424.0,67.0,0.0,0.0,0.0,364.0,,,50.2,100.0,,,,,,11.0,,,,362.0,114.0,2.0,,,79.1,0.0,100.0,,75.7,,0.0,,140.1,241.6,0.0,96.8,2758.0,81.0,,1.0,1068.0,180.0,2,28.9,0.0,0.0,0.0,0.0,21.4,0.0,0,0.0,0.0,,0.0,,0.0,,0.0,0.0,319.0,0.0,262.0,0.0,,,0.5,99.5,,428.0,2285.0,153.6,166.8,0,607.0,524.0,563.0,0.0,0,0.0,589.0,181218.0,1.5,33,,365.0,1,11.3,211.0,375.0,0.0,329.0,58.8,,95.2,1.6,,0.0,,49.7,0.0,,24858.0,0.0,0.0,0.0,262.0,2.0,0.4,,500.0,0.0,0.0,0.5,,170135.0,,,0.0,100.0,,0.0,0.0,288.0,,533.0,89.3,,0.0,,,0.3,0.0,,0.0,0.0,,364,100.0,7.0,42.1,1.0,90.9,,,9.1,,,,,0.0,0.0,0.0,,,0.0,0.0,0.0,1.0,362,0.0,,,,,,,,,,,,,,,,,,,,,,,,,,,,,,,,,,,,,,,,,,,,,,,,,,,,,,,,,,,,,,,,,,,,,,,,,,,,,,,,,,,,,,,,,,,,,,,,,,,,,,,,,,,,,,,,,,,,,,,,,,,,,,,,,,,,,,,,,,,,,,,,,,,,,,,,,,,,,,,,,,,,,,0.0,100.0,
